<?xml version="1.0" encoding="UTF-8"?>
<!DOCTYPE language SYSTEM "language.dtd">
<language name="PCGen PCC file" section="Other" version="1.01" kateversion="2.3" extensions="*.pcc" mimetype="text/pcgen" author="Michael W. Fender (fluxxdog@gmail.com)" license="GPL">
	<highlighting>
		<list name="pcc-tags">
			<item> ABILITY </item>
			<item> ABILITYCATEGORY </item>
			<item> ARMORPROF </item>
			<item> BIOSET </item>
			<item> BOOKTYPE </item>
			<item> CAMPAIGN </item>
			<item> CLASS </item>
			<item> COMPANIONMOD </item>
			<item> COPYRIGHT </item>
			<item> COVER </item>
			<item> DESC </item>
			<item> DEITY </item>
			<item> DOMAIN </item>
			<item> EQUIPMENT </item>
			<item> EQUIPMOD </item>
			<item> EXCLUDE </item>
			<item> FEAT </item>
			<item> GAMEMODE </item>
			<item> GENRE </item>
			<item> HELP </item>
			<item> HIDETYPE </item>
			<item> INCLUDE </item>
			<item> INFOTEXT </item>
			<item> ISLICENSED </item>
			<item> ISMATURE </item>
			<item> ISOGL </item>
			<item> KIT </item>
			<item> LANGUAGE </item>
			<item> LICENSE </item>
			<item> LOGO </item>
			<item> LSTEXCLUDE </item>
			<item> OPTION </item>
			<item> PCC </item>
			<item> PUBNAMELONG </item>
			<item> PUBNAMESHORT </item>
			<item> PUBNAMEWEB </item>
			<item> RACE </item>
			<item> RANK </item>
			<item> REQSKILL </item>
			<item> SETTING </item>
			<item> SHIELDPROF </item>
			<item> SHOWINMENU </item>
			<item> SKILL </item>
			<item> SOURCEDATE </item>
			<item> SOURCELONG </item>
			<item> SOURCESHORT </item>
			<item> SOURCEWEB </item>
			<item> SPELL </item>
			<item> WEAPONPROF </item>
			<item> TEMPLATE </item>
			<item> TYPE </item>
			<item> URL </item>
			<item> WEAPONPROF </item>
		</list>
		<contexts>
			<context attribute="Normal Text" lineEndContext="Normal" name="Normal" >
				<IncludeRules context="KeepNeat" />
				<keyword attribute="PCCTags" String="pcc-tags" />
				<RegExpr attribute="Comment" String="^#.*$" />
			</context>
			<context name="KeepNeat" >
				<RegExpr String="[]:=,.()[]" attribute="Normal Text" />
				<RegExpr attribute="PRETags" String="[!]*PRE[\w]*" context="PRExxx" />
				<RegExpr attribute="Normal Text" context="Normal" String="[\t]" />
			</context>
			<context name="PRExxx" attribute="Normal Text" lineEndContext="Normal" >
				<IncludeRules context="KeepNeat" />
				<Int attribute="Numbers" context="Normal" />
				<RegExpr String="[\w]" context="Normal" />
			</context>
		</contexts>
		<itemDatas>
			<itemData name="Normal Text" defStyleNum="dsNormal" />
			<itemData name="PCCTags" defStyleNum="dsKeyword" />
			<itemData name="PRETags" defStyleNum="dsString" bold="1" />
			<itemData name="Comment" defStyleNum="dsComment" />
		</itemDatas>
		<comments>
			<comment name="singleLine" start="#" />
		</comments>
	</highlighting>
</language>