<NotepadPlus>
    <UserLang name="pcgen" ext="" udlVersion="2.1">
        <Settings>
            <Global caseIgnored="no" allowFoldOfComments="no" foldCompact="no" forcePureLC="0" decimalSeparator="0" />
            <Prefix Keywords1="no" Keywords2="no" Keywords3="no" Keywords4="no" Keywords5="no" Keywords6="no" Keywords7="no" Keywords8="no" />
        </Settings>
        <KeywordLists>
            <Keywords name="Comments">00# 01 02 03 04</Keywords>
            <Keywords name="Numbers, prefix1">#</Keywords>
            <Keywords name="Numbers, prefix2">###</Keywords>
            <Keywords name="Numbers, extras1"></Keywords>
            <Keywords name="Numbers, extras2"></Keywords>
            <Keywords name="Numbers, suffix1"></Keywords>
            <Keywords name="Numbers, suffix2"></Keywords>
            <Keywords name="Numbers, range"></Keywords>
            <Keywords name="Operators1"></Keywords>
            <Keywords name="Operators2"></Keywords>
            <Keywords name="Folders in code1, open"></Keywords>
            <Keywords name="Folders in code1, middle"></Keywords>
            <Keywords name="Folders in code1, close"></Keywords>
            <Keywords name="Folders in code2, open"></Keywords>
            <Keywords name="Folders in code2, middle"></Keywords>
            <Keywords name="Folders in code2, close"></Keywords>
            <Keywords name="Folders in comment, open"></Keywords>
            <Keywords name="Folders in comment, middle"></Keywords>
            <Keywords name="Folders in comment, close"></Keywords>
            <Keywords name="Keywords1">ABB&#x000D;&#x000A;ABILITY&#x000D;&#x000A;ABILITYCATEGORY&#x000D;&#x000A;ABILITYLIST&#x000D;&#x000A;ACCHECK&#x000D;&#x000A;ACHECK&#x000D;&#x000A;ADD&#x000D;&#x000A;ADDSPELLLEVEL&#x000D;&#x000A;AGE&#x000D;&#x000A;AGESET&#x000D;&#x000A;ALLOWBASECLASS&#x000D;&#x000A;ALIGN&#x000D;&#x000A;ALTCRITICAL&#x000D;&#x000A;ALTCRITRANGE&#x000D;&#x000A;ALTDAMAGE&#x000D;&#x000A;ALTTYPE&#x000D;&#x000A;ARMORTYPE&#x000D;&#x000A;ASSIGNTOALL&#x000D;&#x000A;ATTACKCYCLE&#x000D;&#x000A;AUTO&#x000D;&#x000A;BASEITEM&#x000D;&#x000A;BASEQTY&#x000D;&#x000A;BENEFIT&#x000D;&#x000A;BONUS&#x000D;&#x000A;BONUSSPELLSTAT&#x000D;&#x000A;CATEGORY&#x000D;&#x000A;CAST&#x000D;&#x000A;CASTAS&#x000D;&#x000A;CASTTIME&#x000D;&#x000A;CCSKILL&#x000D;&#x000A;CHANGEPROF&#x000D;&#x000A;CHARGES&#x000D;&#x000A;CHOICE&#x000D;&#x000A;CLASS&#x000D;&#x000A;CLASSES&#x000D;&#x000A;COMPS&#x000D;&#x000A;CONTAINS&#x000D;&#x000A;COST&#x000D;&#x000A;COSTPRE&#x000D;&#x000A;COUNT&#x000D;&#x000A;CR&#x000D;&#x000A;CRITMULT&#x000D;&#x000A;CRITRANGE&#x000D;&#x000A;CSKILL&#x000D;&#x000A;DAMAGE&#x000D;&#x000A;DEFINE&#x000D;&#x000A;DEITYWEAP&#x000D;&#x000A;DESC&#x000D;&#x000A;DESCISPI&#x000D;&#x000A;DESCRIPTOR&#x000D;&#x000A;DOMAINS&#x000D;&#x000A;DURATION&#x000D;&#x000A;DR&#x000D;&#x000A;EFFECTS&#x000D;&#x000A;EFFECTTYPE&#x000D;&#x000A;EQMOD&#x000D;&#x000A;EQUIPBUY&#x000D;&#x000A;EXCHANGELEVEL&#x000D;&#x000A;EXCLASS&#x000D;&#x000A;EXCLUSIVE&#x000D;&#x000A;FACE&#x000D;&#x000A;FAVCLASS&#x000D;&#x000A;FAVOREDCLASS&#x000D;&#x000A;FEAT&#x000D;&#x000A;FEATAUTO&#x000D;&#x000A;FOLLOWER&#x000D;&#x000A;FOLLOWERALIGN&#x000D;&#x000A;FUMBLERANGE&#x000D;&#x000A;GEAR&#x000D;&#x000A;GENDERLOCK&#x000D;&#x000A;HANDS&#x000D;&#x000A;HASSUBCLASS&#x000D;&#x000A;HD&#x000D;&#x000A;HEIGHT&#x000D;&#x000A;HITDICE&#x000D;&#x000A;HITDICEADVANCEMENT&#x000D;&#x000A;HITDIE&#x000D;&#x000A;IGNORES&#x000D;&#x000A;ITEM&#x000D;&#x000A;ITEMCREATE&#x000D;&#x000A;ITYPE&#x000D;&#x000A;KEY&#x000D;&#x000A;KEYSTAT&#x000D;&#x000A;KNOWN&#x000D;&#x000A;KNOWNSPELLS&#x000D;&#x000A;KNOWNSPELLSFROMSPECIALTY&#x000D;&#x000A;LANGAUTO&#x000D;&#x000A;LANGBONUS&#x000D;&#x000A;LEGS&#x000D;&#x000A;LEVELADJUSTMENT&#x000D;&#x000A;LEVELSPERFEAT&#x000D;&#x000A;MASTERBONUSRACE&#x000D;&#x000A;MAXDEX&#x000D;&#x000A;MAXLEVEL&#x000D;&#x000A;MEMORIZE&#x000D;&#x000A;MFEAT&#x000D;&#x000A;MODTOSKILLS&#x000D;&#x000A;MODS&#x000D;&#x000A;MONCCSKILL&#x000D;&#x000A;MONCSKILL&#x000D;&#x000A;MONNONSKILLHD&#x000D;&#x000A;MONSTERCLASS&#x000D;&#x000A;MOVE&#x000D;&#x000A;MOVEA&#x000D;&#x000A;MOVECLONE&#x000D;&#x000A;MULT&#x000D;&#x000A;NAMEISPI&#x000D;&#x000A;NAMEOPT&#x000D;&#x000A;NATURALATTACKS&#x000D;&#x000A;OUTPUTNAME&#x000D;&#x000A;PANTHEON&#x000D;&#x000A;PLUS&#x000D;&#x000A;PROF&#x000D;&#x000A;PROFICIENCY&#x000D;&#x000A;PROHIBITCOST&#x000D;&#x000A;PROHIBITSPELL&#x000D;&#x000A;QTY&#x000D;&#x000A;RACENAME&#x000D;&#x000A;RACESUBTYPE&#x000D;&#x000A;RACETYPE&#x000D;&#x000A;RACIAL&#x000D;&#x000A;RANGE&#x000D;&#x000A;RANK&#x000D;&#x000A;RATEOFFIRE&#x000D;&#x000A;REACH&#x000D;&#x000A;REGION&#x000D;&#x000A;REMOVABLE&#x000D;&#x000A;REPLACES&#x000D;&#x000A;SA&#x000D;&#x000A;SAB&#x000D;&#x000A;SAVEINFO&#x000D;&#x000A;SAVES&#x000D;&#x000A;SERVESAS&#x000D;&#x000A;SIZE&#x000D;&#x000A;SKILLMULT&#x000D;&#x000A;SCHOOL&#x000D;&#x000A;SKILLLIST&#x000D;&#x000A;SLOTS&#x000D;&#x000A;SORTKEY&#x000D;&#x000A;SOURCE&#x000D;&#x000A;SOURCELONG&#x000D;&#x000A;SOURCEPAGE&#x000D;&#x000A;SOURCESHORT&#x000D;&#x000A;SOURCEWEB&#x000D;&#x000A;SPECIALS&#x000D;&#x000A;SPECIALTYKNOWN&#x000D;&#x000A;SPELL&#x000D;&#x000A;SPELLBOOK&#x000D;&#x000A;SPELLFAILURE&#x000D;&#x000A;SPELLLEVEL&#x000D;&#x000A;SPELLRES&#x000D;&#x000A;SPELLS&#x000D;&#x000A;SPELLSTAT&#x000D;&#x000A;SPELLTYPE&#x000D;&#x000A;SPROP&#x000D;&#x000A;SR&#x000D;&#x000A;STACK&#x000D;&#x000A;STARTFEATS&#x000D;&#x000A;STARTPACK&#x000D;&#x000A;STARTSKILLPTS&#x000D;&#x000A;SUBCLASS&#x000D;&#x000A;SUBCLASSLEVEL&#x000D;&#x000A;SUBRACE&#x000D;&#x000A;SUBSCHOOL&#x000D;&#x000A;SYMBOL&#x000D;&#x000A;SYNERGY&#x000D;&#x000A;TARGETAREA&#x000D;&#x000A;TEMPDESC&#x000D;&#x000A;TEMPLATE&#x000D;&#x000A;TITLE&#x000D;&#x000A;TYPE&#x000D;&#x000A;UDAM&#x000D;&#x000A;UMULT&#x000D;&#x000A;UNENCUMBEREDMOVE&#x000D;&#x000A;USEUNTRAINED&#x000D;&#x000A;VARIANTS&#x000D;&#x000A;VFEAT&#x000D;&#x000A;VISIBLE&#x000D;&#x000A;VISION&#x000D;&#x000A;WEAPONAUTO&#x000D;&#x000A;WEAPONBONUS&#x000D;&#x000A;WEIGHT&#x000D;&#x000A;WIELD&#x000D;&#x000A;WORSHIPPERS&#x000D;&#x000A;WT&#x000D;&#x000A;XPCOST&#x000D;&#x000A;XTRASKILLPTSPERLVL&#x000D;&#x000A;SHIELDTYPE&#x000D;&#x000A;&#x000D;&#x000A;PLURAL&#x000D;&#x000A;EDITABLE&#x000D;&#x000A;EDITPOOL&#x000D;&#x000A;DISPLAYLOCATION&#x000D;&#x000A;CATEGORY&#x000D;&#x000A;&#x000D;&#x000A;ASPECT&#x000D;&#x000A;BASESPELLSTAT&#x000D;&#x000A;SUBSTITUTIONCLASS&#x000D;&#x000A;SUBSTITUTIONLEVEL&#x000D;&#x000A;PPCOST&#x000D;&#x000A;APPLY&#x000D;&#x000A;COMPANIONLIST&#x000D;&#x000A;COPYMASTERBAB&#x000D;&#x000A;COPYMASTERCHECK&#x000D;&#x000A;COPYMASTERHP&#x000D;&#x000A;MONSKILLPTS&#x000D;&#x000A;FRACTIONALPOOL&#x000D;&#x000A;FORMATCAT&#x000D;&#x000A;FREE&#x000D;&#x000A;FUNDS&#x000D;&#x000A;HASSUBSTITUTIONLEVEL&#x000D;&#x000A;DISPLAYNAME&#x000D;&#x000A;HIDETYPE&#x000D;&#x000A;INCLUDE&#x000D;&#x000A;EXCLUDE&#x000D;&#x000A;PREVIEWDIR&#x000D;&#x000A;PREVIEWSHEET&#x000D;&#x000A;REPEATLEVEL&#x000D;&#x000A;GENDER&#x000D;&#x000A;ALTCRITMULT&#x000D;&#x000A;ALTEQMOD&#x000D;&#x000A;APPEARANCE&#x000D;&#x000A;LEVELABILITY&#x000D;&#x000A;LOCATION&#x000D;&#x000A;LOOKUP&#x000D;&#x000A;NUMPAGES&#x000D;&#x000A;MAXCOST&#x000D;&#x000A;PPCOST&#x000D;&#x000A;BONUSSKILLPOINTS&#x000D;&#x000A;XTRAFEATS&#x000D;&#x000A;USEMASTERSKILL&#x000D;&#x000A;SUBREGION&#x000D;&#x000A;SELECT&#x000D;&#x000A;REQSKILL&#x000D;&#x000A;PROHIBITED&#x000D;&#x000A;POOL&#x000D;&#x000A;CSKILLMAX&#x000D;&#x000A;MODIFYFEATCHOICE&#x000D;&#x000A;&#x000D;&#x000A;DONOTADD&#x000D;&#x000A;&#x000D;&#x000A;SHIELD&#x000D;&#x000A;ARMOR&#x000D;&#x000A;SELECTION&#x000D;&#x000A;QUALITY&#x000D;&#x000A;STATMOD&#x000D;&#x000A;&#x000D;&#x000A;FORWARDREF&#x000D;&#x000A;PCSTAT&#x000D;&#x000A;&#x000D;&#x000A;TEMPBONUS&#x000D;&#x000A;&#x000D;&#x000A;CHARACTERTYPE&#x000D;&#x000A;RESIZABLEEQUIPTYPE&#x000D;&#x000A;INFOSHEET&#x000D;&#x000A;ROLE&#x000D;&#x000A;MONSTERROLEDEFAULT&#x000D;&#x000A;MONSTERROLES&#x000D;&#x000A;CRSTEPS&#x000D;&#x000A;CRTHRESHOLD&#x000D;&#x000A;&#x000D;&#x000A;DEFINESTAT</Keywords>
            <Keywords name="Keywords2">CASTERLEVEL&#x000D;&#x000A;cl&#x000D;&#x000A;CL&#x000D;&#x000A;floor&#x000D;&#x000A;ceil&#x000D;&#x000A;max&#x000D;&#x000A;min&#x000D;&#x000A;TL&#x000D;&#x000A;var&#x000D;&#x000A;%CHOICE</Keywords>
            <Keywords name="Keywords3">Abjuration&#x000D;&#x000A;AC&#x000D;&#x000A;Acid&#x000D;&#x000A;Advanced&#x000D;&#x000A;Affecting&#x000D;&#x000A;Air&#x000D;&#x000A;ALL&#x000D;&#x000A;Amulet&#x000D;&#x000A;Ammunition&#x000D;&#x000A;ANYPC&#x000D;&#x000A;ANY&#x000D;&#x000A;Arcane&#x000D;&#x000A;Archaic&#x000D;&#x000A;Armor&#x000D;&#x000A;ArmorEnhancement&#x000D;&#x000A;AttackOption&#x000D;&#x000A;BAB&#x000D;&#x000A;BASECOST&#x000D;&#x000A;Ballistic&#x000D;&#x000A;Base&#x000D;&#x000A;BaseMaterial&#x000D;&#x000A;Belt&#x000D;&#x000A;Bludgeoning&#x000D;&#x000A;Boot&#x000D;&#x000A;Bow&#x000D;&#x000A;Bracer&#x000D;&#x000A;Buckler&#x000D;&#x000A;Burrow&#x000D;&#x000A;Calling&#x000D;&#x000A;Cape&#x000D;&#x000A;CHA&#x000D;&#x000A;Chaotic&#x000D;&#x000A;Charisma&#x000D;&#x000A;CE&#x000D;&#x000A;CG&#x000D;&#x000A;Consumable&#x000D;&#x000A;COPY&#x000D;&#x000A;Charm&#x000D;&#x000A;Climb&#x000D;&#x000A;CN&#x000D;&#x000A;Close&#x000D;&#x000A;Clothing&#x000D;&#x000A;Cold&#x000D;&#x000A;Competence&#x000D;&#x000A;Compulsion&#x000D;&#x000A;CON&#x000D;&#x000A;Concussion&#x000D;&#x000A;Conjuration&#x000D;&#x000A;Constitution&#x000D;&#x000A;Container&#x000D;&#x000A;count&#x000D;&#x000A;Craft&#x000D;&#x000A;Creation&#x000D;&#x000A;Crossbow&#x000D;&#x000A;CROSSCLASSSKILLS&#x000D;&#x000A;CURRENTMAX&#x000D;&#x000A;Darkness&#x000D;&#x000A;Death&#x000D;&#x000A;Deflection&#x000D;&#x000A;DEX&#x000D;&#x000A;Dexterity&#x000D;&#x000A;Divination&#x000D;&#x000A;Divine&#x000D;&#x000A;Dodge&#x000D;&#x000A;Dorje&#x000D;&#x000A;Earth&#x000D;&#x000A;Enchantment&#x000D;&#x000A;Enhancement&#x000D;&#x000A;Electricity&#x000D;&#x000A;ELSE&#x000D;&#x000A;EQ&#x000D;&#x000A;EquipmentCircumstance&#x000D;&#x000A;Evil&#x000D;&#x000A;Evocation&#x000D;&#x000A;Exotic&#x000D;&#x000A;Extraordinary&#x000D;&#x000A;Eyegear&#x000D;&#x000A;Fear&#x000D;&#x000A;Fighter&#x000D;&#x000A;Figment&#x000D;&#x000A;Finesseable&#x000D;&#x000A;Fire&#x000D;&#x000A;Fly&#x000D;&#x000A;Force&#x000D;&#x000A;Fortitude&#x000D;&#x000A;Fortitude half&#x000D;&#x000A;Fortitude negates&#x000D;&#x000A;Fortitude partial&#x000D;&#x000A;FX&#x000D;&#x000A;General&#x000D;&#x000A;Glamer&#x000D;&#x000A;Glove&#x000D;&#x000A;Good&#x000D;&#x000A;Goods&#x000D;&#x000A;GrenadeLauncher&#x000D;&#x000A;GT&#x000D;&#x000A;GTEQ&#x000D;&#x000A;harmless&#x000D;&#x000A;Headgear&#x000D;&#x000A;Healing&#x000D;&#x000A;Heavy&#x000D;&#x000A;HIGHESTLEVELCLASS&#x000D;&#x000A;HMG&#x000D;&#x000A;if&#x000D;&#x000A;interacted&#x000D;&#x000A;IF&#x000D;&#x000A;Illusion&#x000D;&#x000A;Incantation&#x000D;&#x000A;INITIATIVE&#x000D;&#x000A;Innate&#x000D;&#x000A;Insight&#x000D;&#x000A;INT&#x000D;&#x000A;Incorporeal&#x000D;&#x000A;Instantaneous&#x000D;&#x000A;Intelligence&#x000D;&#x000A;ItemCreation&#x000D;&#x000A;Knowledge&#x000D;&#x000A;Lawful&#x000D;&#x000A;Large&#x000D;&#x000A;LE&#x000D;&#x000A;LG&#x000D;&#x000A;Light&#x000D;&#x000A;LIST&#x000D;&#x000A;LN&#x000D;&#x000A;Long&#x000D;&#x000A;LT&#x000D;&#x000A;LTEQ&#x000D;&#x000A;Luck&#x000D;&#x000A;Magic&#x000D;&#x000A;MagicalEnhancement&#x000D;&#x000A;Martial&#x000D;&#x000A;MAX&#x000D;&#x000A;Medium&#x000D;&#x000A;Melee&#x000D;&#x000A;Metal&#x000D;&#x000A;Metamagic&#x000D;&#x000A;Mind&#x000D;&#x000A;MIN&#x000D;&#x000A;ModifyAC&#x000D;&#x000A;Morale&#x000D;&#x000A;NAME&#x000D;&#x000A;Natural&#x000D;&#x000A;NaturalArmor&#x000D;&#x000A;NaturalArmorEnhancement&#x000D;&#x000A;Necromancy&#x000D;&#x000A;NE&#x000D;&#x000A;NEQ&#x000D;&#x000A;NG&#x000D;&#x000A;No&#x000D;&#x000A;NOCHOICE&#x000D;&#x000A;None&#x000D;&#x000A;NotRanged&#x000D;&#x000A;NUMBER&#x000D;&#x000A;object&#x000D;&#x000A;OneHanded&#x000D;&#x000A;Pattern&#x000D;&#x000A;PC&#x000D;&#x000A;Perform&#x000D;&#x000A;Permanent&#x000D;&#x000A;Personal&#x000D;&#x000A;PersonalFirearm&#x000D;&#x000A;Phantasm&#x000D;&#x000A;Piercing&#x000D;&#x000A;Poison&#x000D;&#x000A;Polymorph&#x000D;&#x000A;Potion&#x000D;&#x000A;Prestige&#x000D;&#x000A;PRIMARY&#x000D;&#x000A;PROJECTILE&#x000D;&#x000A;Profession&#x000D;&#x000A;Projectile&#x000D;&#x000A;Racial&#x000D;&#x000A;Ranged&#x000D;&#x000A;Reflex&#x000D;&#x000A;Reflex&#x000D;&#x000A;half&#x000D;&#x000A;Reflex&#x000D;&#x000A;negates&#x000D;&#x000A;MAX&#x000D;&#x000A;MIN&#x000D;&#x000A;Reflex&#x000D;&#x000A;partial&#x000D;&#x000A;Resistance&#x000D;&#x000A;Ring&#x000D;&#x000A;Robe&#x000D;&#x000A;RocketLauncher&#x000D;&#x000A;Rod&#x000D;&#x000A;Scroll&#x000D;&#x000A;SECONDARY&#x000D;&#x000A;SECONDARYATTACKS&#x000D;&#x000A;See&#x000D;&#x000A;text&#x000D;&#x000A;Shadow&#x000D;&#x000A;Shield&#x000D;&#x000A;ShieldEnhancement&#x000D;&#x000A;Shirt&#x000D;&#x000A;SHORTRANGE&#x000D;&#x000A;Simple&#x000D;&#x000A;Slashing&#x000D;&#x000A;Sonic&#x000D;&#x000A;Special&#x000D;&#x000A;Species&#x000D;&#x000A;Specific&#x000D;&#x000A;Spellcaster&#x000D;&#x000A;SpellLike&#x000D;&#x000A;Staff&#x000D;&#x000A;Standard&#x000D;&#x000A;STR&#x000D;&#x000A;Strength&#x000D;&#x000A;Suit&#x000D;&#x000A;Summoning&#x000D;&#x000A;Supernatural&#x000D;&#x000A;Swim&#x000D;&#x000A;Synergy&#x000D;&#x000A;SynergyBonus&#x000D;&#x000A;Teleportation&#x000D;&#x000A;THEN&#x000D;&#x000A;Thrown&#x000D;&#x000A;TN&#x000D;&#x000A;Tools&#x000D;&#x000A;Touch&#x000D;&#x000A;Tower&#x000D;&#x000A;Transmutation&#x000D;&#x000A;TwoHanded&#x000D;&#x000A;Universal&#x000D;&#x000A;Vial&#x000D;&#x000A;Walk&#x000D;&#x000A;Wand&#x000D;&#x000A;Water&#x000D;&#x000A;Weapon&#x000D;&#x000A;WEIGHTADD&#x000D;&#x000A;WEIGHTDIV&#x000D;&#x000A;Will&#x000D;&#x000A;disbelief&#x000D;&#x000A;Will&#x000D;&#x000A;half&#x000D;&#x000A;Will&#x000D;&#x000A;negates&#x000D;&#x000A;Will&#x000D;&#x000A;partial&#x000D;&#x000A;Willpower&#x000D;&#x000A;WIS&#x000D;&#x000A;Wisdom&#x000D;&#x000A;Wondrous&#x000D;&#x000A;Wooden&#x000D;&#x000A;Yes&#x000D;&#x000A;You&#x000D;&#x000A;&#x000D;&#x000A;TOTALRANK&#x000D;&#x000A;&#x000D;&#x000A;Legwear&#x000D;&#x000A;PsionicTattoo&#x000D;&#x000A;HEAD&#x000D;&#x000A;TORSO&#x000D;&#x000A;LEVELMAX&#x000D;&#x000A;LEVELMIN&#x000D;&#x000A;CLASSLIST&#x000D;&#x000A;INSTANT&#x000D;&#x000A;&#x000D;&#x000A;&#x000D;&#x000A;ALLSPELLS&#x000D;&#x000A;ATTACKS&#x000D;&#x000A;BL&#x000D;&#x000A;LOCKNUMBER&#x000D;&#x000A;SKILLPOOL&#x000D;&#x000A;&#x000D;&#x000A;FOLLOWERADJUSTMENT&#x000D;&#x000A;&#x000D;&#x000A;INITIATIVEMISC&#x000D;&#x000A;INITIATIVEMOD&#x000D;&#x000A;INTSCORE&#x000D;&#x000A;isgamemode&#x000D;&#x000A;ITEMCOST&#x000D;&#x000A;CHASCORE&#x000D;&#x000A;CONSCORE&#x000D;&#x000A;DEXSCORE&#x000D;&#x000A;STRSCORE&#x000D;&#x000A;&#x000D;&#x000A;WEIGHTMULT&#x000D;&#x000A;WIELDCATEGORY&#x000D;&#x000A;WISSCORE&#x000D;&#x000A;DEFAULT&#x000D;&#x000A;MOVEBASE&#x000D;&#x000A;ARMORPROFICIENCY&#x000D;&#x000A;SHIELDPROFICIENCY&#x000D;&#x000A;WEAPONPROFICIENCY&#x000D;&#x000A;&#x000D;&#x000A;CARRIED&#x000D;&#x000A;EQUIPPED&#x000D;&#x000A;TOTAL&#x000D;&#x000A;VARDEFINED&#x000D;&#x000A;HASDEITY&#x000D;&#x000A;HASFEAT&#x000D;&#x000A;&#x000D;&#x000A;SpecialQuality&#x000D;&#x000A;SpecialAttack&#x000D;&#x000A;&#x000D;&#x000A;&#x000D;&#x000A;FEATSELECTION&#x000D;&#x000A;Internal&#x000D;&#x000A;</Keywords>
            <Keywords name="Keywords4">PREABILITY&#x000D;&#x000A;PREAGESET&#x000D;&#x000A;PREALIGN&#x000D;&#x000A;PREAPPLY&#x000D;&#x000A;PREARMORPROF&#x000D;&#x000A;PREARMORTYPE&#x000D;&#x000A;PREATT&#x000D;&#x000A;PREBASESIZEEQ&#x000D;&#x000A;PREBASESIZEGT&#x000D;&#x000A;PREBASESIZEGTEQ&#x000D;&#x000A;PREBASESIZELT&#x000D;&#x000A;PREBASESIZELTEQ&#x000D;&#x000A;PREBASESIZENEQ&#x000D;&#x000A;PREBIRTHPLACE&#x000D;&#x000A;PRECAMPAIGN&#x000D;&#x000A;PRECHARACTERTYPE&#x000D;&#x000A;PRECHECK&#x000D;&#x000A;PRECHECKBASE&#x000D;&#x000A;PRECITY&#x000D;&#x000A;PRECLASS&#x000D;&#x000A;PRECLASSLEVELMAX&#x000D;&#x000A;PRECSKILL&#x000D;&#x000A;PREDEITY&#x000D;&#x000A;PREDEITYALIGN&#x000D;&#x000A;PREDEITYDOMAIN&#x000D;&#x000A;PREDOMAIN&#x000D;&#x000A;PREDR&#x000D;&#x000A;PREEQUIP&#x000D;&#x000A;PREEQUIPBOTH&#x000D;&#x000A;PREEQUIPPRIMARY&#x000D;&#x000A;PREEQUIPSECONDARY&#x000D;&#x000A;PREEQUIPTWOWEAPON&#x000D;&#x000A;PREFEAT&#x000D;&#x000A;PREGENDER&#x000D;&#x000A;PREHANDSEQ&#x000D;&#x000A;PREHANDSGT&#x000D;&#x000A;PREHANDSGTEQ&#x000D;&#x000A;PREHANDSLT&#x000D;&#x000A;PREHANDSLTEQ&#x000D;&#x000A;PREHANDSNEQ&#x000D;&#x000A;PREHD&#x000D;&#x000A;PREHP&#x000D;&#x000A;PREITEM&#x000D;&#x000A;PRELANG&#x000D;&#x000A;PRELEGSEQ&#x000D;&#x000A;PRELEGSGT&#x000D;&#x000A;PRELEGSGTEQ&#x000D;&#x000A;PRELEGSLT&#x000D;&#x000A;PRELEGSLTEQ&#x000D;&#x000A;PRELEGSNEQ&#x000D;&#x000A;PRELEVEL&#x000D;&#x000A;PRELEVELMAX&#x000D;&#x000A;PREMOVE&#x000D;&#x000A;PREMULT&#x000D;&#x000A;PREPCLEVEL&#x000D;&#x000A;PREPOINTBUYMETHOD&#x000D;&#x000A;PREPROFWITHARMOR&#x000D;&#x000A;PREPROFWITHSHIELD&#x000D;&#x000A;PRERACE&#x000D;&#x000A;PRERACETYPE&#x000D;&#x000A;PREREACH&#x000D;&#x000A;PREREGION&#x000D;&#x000A;PRERULE&#x000D;&#x000A;PRESA&#x000D;&#x000A;PRESHIELDPROF&#x000D;&#x000A;PRESIZEEQ&#x000D;&#x000A;PRESIZEGT&#x000D;&#x000A;PRESIZEGTEQ&#x000D;&#x000A;PRESIZELT&#x000D;&#x000A;PRESIZELTEQ&#x000D;&#x000A;PRESIZENEQ&#x000D;&#x000A;PRESKILL&#x000D;&#x000A;PRESKILLMULT&#x000D;&#x000A;PRESPELL&#x000D;&#x000A;PRESPELLBOOK&#x000D;&#x000A;PRESPELLCAST&#x000D;&#x000A;PRESPELLDESCRIPTOR&#x000D;&#x000A;PRESPELLSCHOOL&#x000D;&#x000A;PRESPELLSCHOOLSUB&#x000D;&#x000A;PRESPELLTYPE&#x000D;&#x000A;PRESREQ&#x000D;&#x000A;PRESRGT&#x000D;&#x000A;PRESRGTEQ&#x000D;&#x000A;PRESRLT&#x000D;&#x000A;PRESRLTEQ&#x000D;&#x000A;PRESRNEQ&#x000D;&#x000A;PRESTAT&#x000D;&#x000A;PRESUBCLASS&#x000D;&#x000A;PRETEMPLATE&#x000D;&#x000A;PRETEXT&#x000D;&#x000A;PRETYPE&#x000D;&#x000A;PREUATT&#x000D;&#x000A;PREVAREQ&#x000D;&#x000A;PREVARGT&#x000D;&#x000A;PREVARGTEQ&#x000D;&#x000A;PREVARLT&#x000D;&#x000A;PREVARLTEQ&#x000D;&#x000A;PREVARNEQ&#x000D;&#x000A;PREVISION&#x000D;&#x000A;PREWEAPONPROF&#x000D;&#x000A;PREWIELD&#x000D;&#x000A;PRE:.CLEAR&#x000D;&#x000A;</Keywords>
            <Keywords name="Keywords5">ABILITY&#x000D;&#x000A;ARMORPROF&#x000D;&#x000A;BIOSET&#x000D;&#x000A;BOOKTYPE&#x000D;&#x000A;CAMPAIGN&#x000D;&#x000A;COMPANIONMOD&#x000D;&#x000A;COPYRIGHT&#x000D;&#x000A;COVER&#x000D;&#x000A;DEITY&#x000D;&#x000A;DOMAIN&#x000D;&#x000A;EQUIPMENT&#x000D;&#x000A;EQUIPMOD&#x000D;&#x000A;FEAT&#x000D;&#x000A;GAMEMODE&#x000D;&#x000A;GENRE&#x000D;&#x000A;INFOTEXT&#x000D;&#x000A;ISD20&#x000D;&#x000A;ISLICENSED&#x000D;&#x000A;ISOGL&#x000D;&#x000A;KIT&#x000D;&#x000A;LANGUAGE&#x000D;&#x000A;LICENSE&#x000D;&#x000A;LSTEXCLUDE&#x000D;&#x000A;PCC&#x000D;&#x000A;PUBNAMELONG&#x000D;&#x000A;PUBNAMESHORT&#x000D;&#x000A;PUBNAMEWEB&#x000D;&#x000A;RACE&#x000D;&#x000A;RANK&#x000D;&#x000A;SETTING&#x000D;&#x000A;SHIELDPROF&#x000D;&#x000A;SKILL&#x000D;&#x000A;SOURCEDATE&#x000D;&#x000A;SOURCELONG&#x000D;&#x000A;SOURCESHORT&#x000D;&#x000A;SOURCEWEB&#x000D;&#x000A;SPELL&#x000D;&#x000A;STATUS&#x000D;&#x000A;TEMPLATE&#x000D;&#x000A;TYPE&#x000D;&#x000A;WEAPONPROF&#x000D;&#x000A;LOGO&#x000D;&#x000A;URL&#x000D;&#x000A;SHOWINMENU&#x000D;&#x000A;</Keywords>
            <Keywords name="Keywords6">ABILITYPOOL&#x000D;&#x000A;BASE&#x000D;&#x000A;CASTERLEVEL&#x000D;&#x000A;CHECKMULT&#x000D;&#x000A;CHECKS&#x000D;&#x000A;CHOOSE&#x000D;&#x000A;CLASSSKILLS&#x000D;&#x000A;CLEAR&#x000D;&#x000A;COMBAT&#x000D;&#x000A;DC&#x000D;&#x000A;DISPLAY&#x000D;&#x000A;DOMAIN&#x000D;&#x000A;DOUBLE&#x000D;&#x000A;ENCUMBERANCE&#x000D;&#x000A;EQUIP&#x000D;&#x000A;EQM&#x000D;&#x000A;EQMARMOR&#x000D;&#x000A;EQMWEAPON&#x000D;&#x000A;EXPORT&#x000D;&#x000A;FEATNAME&#x000D;&#x000A;FEATTYPE&#x000D;&#x000A;FILE&#x000D;&#x000A;HP&#x000D;&#x000A;LANGUAGES&#x000D;&#x000A;LEVEL&#x000D;&#x000A;MARTIAL&#x000D;&#x000A;MELEE&#x000D;&#x000A;MISC&#x000D;&#x000A;MOD&#x000D;&#x000A;MOVEADD&#x000D;&#x000A;MOVEMULT&#x000D;&#x000A;NO&#x000D;&#x000A;NOCHOICE&#x000D;&#x000A;NONSTAT&#x000D;&#x000A;NUMCHOICES&#x000D;&#x000A;PCLEVEL&#x000D;&#x000A;POSTMOVEADD&#x000D;&#x000A;PROFICIENT&#x000D;&#x000A;QUALIFY&#x000D;&#x000A;RANGED&#x000D;&#x000A;RANGEMULT&#x000D;&#x000A;REPLACE&#x000D;&#x000A;SIMPLE&#x000D;&#x000A;SIZEMOD&#x000D;&#x000A;SKILL&#x000D;&#x000A;SKILLPOINTS&#x000D;&#x000A;SKILLRANK&#x000D;&#x000A;SKILLSNAMED&#x000D;&#x000A;SPECIAL&#x000D;&#x000A;SPELLCAST&#x000D;&#x000A;SPELLCASTER&#x000D;&#x000A;SPELLCASTMULT&#x000D;&#x000A;SPELLLIST&#x000D;&#x000A;STAT&#x000D;&#x000A;THROWN&#x000D;&#x000A;TIMES&#x000D;&#x000A;TOHIT&#x000D;&#x000A;VAR&#x000D;&#x000A;WEAPON&#x000D;&#x000A;WEAPONPROFS&#x000D;&#x000A;YES&#x000D;&#x000A;&#x000D;&#x000A;AUTOMATIC&#x000D;&#x000A;VIRTUAL&#x000D;&#x000A;NORMAL&#x000D;&#x000A;POOL&#x000D;&#x000A;FOLLOWERS&#x000D;&#x000A;ITEMCAPACITY&#x000D;&#x000A;ITEMCOST&#x000D;&#x000A;ITEMWEIGHT&#x000D;&#x000A;LANG&#x000D;&#x000A;LOADMULT&#x000D;&#x000A;&#x000D;&#x000A;LOCK&#x000D;&#x000A;&#x000D;&#x000A;SPELLKNOWN&#x000D;&#x000A;SPELLKNOWNMULT&#x000D;&#x000A;WIELDCATEGORY&#x000D;&#x000A;EQBUILDER&#x000D;&#x000A;&#x000D;&#x000A;EQUIPTYPE&#x000D;&#x000A;FEATADD&#x000D;&#x000A;FEATLIST&#x000D;&#x000A;FEATSELECT&#x000D;&#x000A;NONCLASSSKILLLIST&#x000D;&#x000A;SALIST&#x000D;&#x000A;SCHOOLS&#x000D;&#x000A;SKILLSNAMEDTOCCSKILL&#x000D;&#x000A;SKILLSNAMEDTOCSKILL&#x000D;&#x000A;SPELLCLASSES&#x000D;&#x000A;STRING&#x000D;&#x000A;USERINPUT&#x000D;&#x000A;WEAPONFOCUS&#x000D;&#x000A;CRITRANGEADD&#x000D;&#x000A;CRITRANGEDOUBLE&#x000D;&#x000A;CLASSSPELLLIST&#x000D;&#x000A;&#x000D;&#x000A;TIMEUNIT&#x000D;&#x000A;&#x000D;&#x000A;EQMODTYPE&#x000D;&#x000A;&#x000D;&#x000A;SKILLS&#x000D;&#x000A;SUMMARY&#x000D;&#x000A;&#x000D;&#x000A;&#x000D;&#x000A;# BONUS:WEAPONPROF&#x000D;&#x000A;CRITMULTADD&#x000D;&#x000A;CRITRANGEADD&#x000D;&#x000A;CRITRANGEDOUBLE&#x000D;&#x000A;DAMAGE&#x000D;&#x000A;DAMAGEMULT&#x000D;&#x000A;DAMAGESIZE&#x000D;&#x000A;DAMAGE-SHORTRANGE&#x000D;&#x000A;PCSIZE&#x000D;&#x000A;TOHIT&#x000D;&#x000A;TOHIT-SHORTRANGE&#x000D;&#x000A;TOHITOVERSIZE&#x000D;&#x000A;WIELDCATEGORY&#x000D;&#x000A;&#x000D;&#x000A;# DEFINESTAT&#x000D;&#x000A;LOCK&#x000D;&#x000A;UNLOCK&#x000D;&#x000A;&#x000D;&#x000A;NONSTAT&#x000D;&#x000A;STAT&#x000D;&#x000A;MINVALUE&#x000D;&#x000A;&#x000D;&#x000A;LOCKEDSTAT&#x000D;&#x000A;&#x000D;&#x000A;</Keywords>
            <Keywords name="Keywords7"></Keywords>
            <Keywords name="Keywords8"></Keywords>
            <Keywords name="Delimiters"></Keywords>
        </KeywordLists>
        <Styles>
            <WordsStyle name="DEFAULT" fgColor="000000" bgColor="FFFFFF" fontStyle="0" nesting="0" />
            <WordsStyle name="COMMENTS" fgColor="000000" bgColor="FFFFFF" fontStyle="0" nesting="0" />
            <WordsStyle name="LINE COMMENTS" fgColor="000000" bgColor="FFFFFF" fontStyle="0" nesting="0" />
            <WordsStyle name="NUMBERS" fgColor="000000" bgColor="FFFFFF" fontStyle="0" nesting="0" />
            <WordsStyle name="KEYWORDS1" fgColor="0000FF" bgColor="FFFFFF" fontStyle="0" nesting="0" />
            <WordsStyle name="KEYWORDS2" fgColor="0080FF" bgColor="FFFFFF" fontStyle="0" nesting="0" />
            <WordsStyle name="KEYWORDS3" fgColor="FFFF00" bgColor="FFFFFF" fontStyle="0" nesting="0" />
            <WordsStyle name="KEYWORDS4" fgColor="FF0000" bgColor="FFFFFF" fontStyle="0" nesting="0" />
            <WordsStyle name="KEYWORDS5" fgColor="0000A0" bgColor="FFFFFF" fontStyle="0" nesting="0" />
            <WordsStyle name="KEYWORDS6" fgColor="00FF40" bgColor="FFFFFF" fontStyle="0" nesting="0" />
            <WordsStyle name="KEYWORDS7" fgColor="000000" bgColor="FFFFFF" fontStyle="0" nesting="0" />
            <WordsStyle name="KEYWORDS8" fgColor="000000" bgColor="FFFFFF" fontStyle="0" nesting="0" />
            <WordsStyle name="OPERATORS" fgColor="000000" bgColor="FFFFFF" fontStyle="0" nesting="0" />
            <WordsStyle name="FOLDER IN CODE1" fgColor="000000" bgColor="FFFFFF" fontStyle="0" nesting="0" />
            <WordsStyle name="FOLDER IN CODE2" fgColor="000000" bgColor="FFFFFF" fontStyle="0" nesting="0" />
            <WordsStyle name="FOLDER IN COMMENT" fgColor="000000" bgColor="FFFFFF" fontStyle="0" nesting="0" />
            <WordsStyle name="DELIMITERS1" fgColor="000000" bgColor="FFFFFF" fontStyle="0" nesting="0" />
            <WordsStyle name="DELIMITERS2" fgColor="000000" bgColor="FFFFFF" fontStyle="0" nesting="0" />
            <WordsStyle name="DELIMITERS3" fgColor="000000" bgColor="FFFFFF" fontStyle="0" nesting="0" />
            <WordsStyle name="DELIMITERS4" fgColor="000000" bgColor="FFFFFF" fontStyle="0" nesting="0" />
            <WordsStyle name="DELIMITERS5" fgColor="000000" bgColor="FFFFFF" fontStyle="0" nesting="0" />
            <WordsStyle name="DELIMITERS6" fgColor="000000" bgColor="FFFFFF" fontStyle="0" nesting="0" />
            <WordsStyle name="DELIMITERS7" fgColor="000000" bgColor="FFFFFF" fontStyle="0" nesting="0" />
            <WordsStyle name="DELIMITERS8" fgColor="000000" bgColor="FFFFFF" fontStyle="0" nesting="0" />
        </Styles>
    </UserLang>
</NotepadPlus>
