<NotepadPlus>
    <UserLang name="PCGen" ext="lst pcc pcg" udlVersion="2.1">
        <Settings>
            <Global caseIgnored="no" allowFoldOfComments="no" foldCompact="no" forcePureLC="0" decimalSeparator="0" />
            <Prefix Keywords1="no" Keywords2="no" Keywords3="yes" Keywords4="no" Keywords5="no" Keywords6="no" Keywords7="no" Keywords8="no" />
        </Settings>
        <KeywordLists>
            <Keywords name="Comments">03 04 00# 01 02</Keywords>
            <Keywords name="Numbers, prefix1"></Keywords>
            <Keywords name="Numbers, prefix2"></Keywords>
            <Keywords name="Numbers, extras1"></Keywords>
            <Keywords name="Numbers, extras2"></Keywords>
            <Keywords name="Numbers, suffix1"></Keywords>
            <Keywords name="Numbers, suffix2"></Keywords>
            <Keywords name="Numbers, range"></Keywords>
            <Keywords name="Operators1">- ! ( ) * , . / : [ ] | + =</Keywords>
            <Keywords name="Operators2"></Keywords>
            <Keywords name="Folders in code1, open"></Keywords>
            <Keywords name="Folders in code1, middle"></Keywords>
            <Keywords name="Folders in code1, close"></Keywords>
            <Keywords name="Folders in code2, open"></Keywords>
            <Keywords name="Folders in code2, middle"></Keywords>
            <Keywords name="Folders in code2, close"></Keywords>
            <Keywords name="Folders in comment, open"></Keywords>
            <Keywords name="Folders in comment, middle"></Keywords>
            <Keywords name="Folders in comment, close"></Keywords>
            <Keywords name="Keywords1">ABB&#x000D;&#x000A;ABILITY&#x000D;&#x000A;ABILITYCATEGORY&#x000D;&#x000A;ABILITYLIST&#x000D;&#x000A;AC&#x000D;&#x000A;ACCHECK&#x000D;&#x000A;ACHECK&#x000D;&#x000A;ACABBREV&#x000D;&#x000A;ACNAME&#x000D;&#x000A;ACTYPE&#x000D;&#x000A;ADD&#x000D;&#x000A;ADDDOMAINS&#x000D;&#x000A;ADDLEVEL&#x000D;&#x000A;ADDSPELLLEVEL&#x000D;&#x000A;AGEDIEROLL&#x000D;&#x000A;AGESET&#x000D;&#x000A;ALIGN&#x000D;&#x000A;ALIGNMENTNAME&#x000D;&#x000A;ALLOWBASECLASS&#x000D;&#x000A;ALLOWDUPES&#x000D;&#x000A;ALLOWEDMODES&#x000D;&#x000A;ALLSPELLS&#x000D;&#x000A;ALTCRITMULT&#x000D;&#x000A;ALTCRITRANGE&#x000D;&#x000A;ALTDAMAGE&#x000D;&#x000A;ALTEQMOD&#x000D;&#x000A;ALTHP&#x000D;&#x000A;ALTHPABBREV&#x000D;&#x000A;ALTHPNAME&#x000D;&#x000A;ALTTYPE&#x000D;&#x000A;APPEARANCE&#x000D;&#x000A;APPLY&#x000D;&#x000A;ARMORPROF&#x000D;&#x000A;ARMORTYPE&#x000D;&#x000A;ASPECT&#x000D;&#x000A;ASSIGNTOALL&#x000D;&#x000A;ATTACKS&#x000D;&#x000A;ATTACKS-SECONDARY&#x000D;&#x000A;ATTACKCYCLE&#x000D;&#x000A;AUTO&#x000D;&#x000A;BAB&#x000D;&#x000A;BABABBREV&#x000D;&#x000A;BABATTCYC&#x000D;&#x000A;BABMAXATT&#x000D;&#x000A;BABMAXLVL&#x000D;&#x000A;BABMINVAL&#x000D;&#x000A;BASE&#x000D;&#x000A;BASEAGE&#x000D;&#x000A;BASEAGEADD&#x000D;&#x000A;BASEDICE&#x000D;&#x000A;BASEHT&#x000D;&#x000A;BASEITEM&#x000D;&#x000A;BASEQTY&#x000D;&#x000A;BASEWT&#x000D;&#x000A;BASESPELLSTAT&#x000D;&#x000A;BASESTATSCORE&#x000D;&#x000A;BENEFIT&#x000D;&#x000A;BIOSET&#x000D;&#x000A;BONUS&#x000D;&#x000A;BONUSFEATLEVELSTARTINTERVAL&#x000D;&#x000A;BONUS:MONSKILLPTS|LOCKNUMBER&#x000D;&#x000A;BONUSSKILLPOINTS&#x000D;&#x000A;BONUSSPELLLEVEL&#x000D;&#x000A;BONUSSPELLSTAT&#x000D;&#x000A;BONUSSTACKS&#x000D;&#x000A;BONUSSTATLEVELSTARTINTERVAL&#x000D;&#x000A;BOOKTYPE&#x000D;&#x000A;CAMPAIGN&#x000D;&#x000A;CAST&#x000D;&#x000A;CASTERLEVEL&#x000D;&#x000A;CASTTIME&#x000D;&#x000A;CATEGORY&#x000D;&#x000A;CCSKILL&#x000D;&#x000A;CCSKILLMAX&#x000D;&#x000A;CHANGEPROF&#x000D;&#x000A;CHARACTERTYPES&#x000D;&#x000A;CHARGES&#x000D;&#x000A;CHECKNAME&#x000D;&#x000A;CHECKS&#x000D;&#x000A;CHECKSMAXLEVEL&#x000D;&#x000A;CHOICE&#x000D;&#x000A;CHOOSE&#x000D;&#x000A;CL&#x000D;&#x000A;CLASS&#x000D;&#x000A;CLASSES&#x000D;&#x000A;CLASSTYPE&#x000D;&#x000A;.CLEAR&#x000D;&#x000A;COMBAT&#x000D;&#x000A;COMPANIONLIST&#x000D;&#x000A;COMPANIONMOD&#x000D;&#x000A;COMPS&#x000D;&#x000A;CONTAINS&#x000D;&#x000A;CONTEXT&#x000D;&#x000A;.COPY&#x000D;&#x000A;COPYMASTERBAB&#x000D;&#x000A;COPYMASTERCHECK&#x000D;&#x000A;COPYMASTERHP&#x000D;&#x000A;COPYRIGHT&#x000D;&#x000A;COST&#x000D;&#x000A;COSTPRE&#x000D;&#x000A;COUNT&#x000D;&#x000A;COVER&#x000D;&#x000A;CR&#x000D;&#x000A;CRFORMULA&#x000D;&#x000A;CRITMULT&#x000D;&#x000A;CRITRANGE&#x000D;&#x000A;CRITRANGEADD&#x000D;&#x000A;CRITRANGEDOUBLE&#x000D;&#x000A;CSKILL&#x000D;&#x000A;CT&#x000D;&#x000A;CURRENCYUNIT&#x000D;&#x000A;CURRENCYUNITABBREV&#x000D;&#x000A;CURRENTMAX&#x000D;&#x000A;DAMAGE&#x000D;&#x000A;DAMAGE-SECONDARY&#x000D;&#x000A;DAMAGEMULT&#x000D;&#x000A;DAMAGESIZE&#x000D;&#x000A;DC&#x000D;&#x000A;DEFAULT&#x000D;&#x000A;DEFAULTDATASET&#x000D;&#x000A;DEFAULTUNITSET&#x000D;&#x000A;DEFINE&#x000D;&#x000A;DEITY&#x000D;&#x000A;DEITYWEAP&#x000D;&#x000A;DESC&#x000D;&#x000A;DESCISPI&#x000D;&#x000A;DESCRIPTOR&#x000D;&#x000A;DEST&#x000D;&#x000A;DIESIZES&#x000D;&#x000A;DISPLAYLOCATION&#x000D;&#x000A;DISPLAYNAME&#x000D;&#x000A;DISPLAYORDER&#x000D;&#x000A;DISTANCEFACTOR&#x000D;&#x000A;DISTANCEPATTERN&#x000D;&#x000A;DISTANCEUNIT&#x000D;&#x000A;DOMAIN&#x000D;&#x000A;DOMAINS&#x000D;&#x000A;DONOTADD&#x000D;&#x000A;DOWN&#x000D;&#x000A;DR&#x000D;&#x000A;DURATION&#x000D;&#x000A;EDITABLE&#x000D;&#x000A;EDITPOOL&#x000D;&#x000A;EDR&#x000D;&#x000A;ENCUMBERANCE&#x000D;&#x000A;EQM&#x000D;&#x000A;EQMARMOR&#x000D;&#x000A;EQMOD&#x000D;&#x000A;EQMWEAPON&#x000D;&#x000A;EQSLOT&#x000D;&#x000A;EQUIPBUY&#x000D;&#x000A;EQUIPMENT&#x000D;&#x000A;EQUIPMOD&#x000D;&#x000A;EXCHANGELEVEL&#x000D;&#x000A;EXCLASS&#x000D;&#x000A;EXCLUDE&#x000D;&#x000A;EXCLUSIVE&#x000D;&#x000A;EYES&#x000D;&#x000A;FACE&#x000D;&#x000A;FAVCLASS&#x000D;&#x000A;FAVCLASS:CHOOSE&#x000D;&#x000A;FAVOREDCLASS&#x000D;&#x000A;FEAT&#x000D;&#x000A;FEATPOOL&#x000D;&#x000A;FINESSEABLE&#x000D;&#x000A;FOLLOWER&#x000D;&#x000A;FOLLOWERS&#x000D;&#x000A;FOLLOWERADJUSTMENT&#x000D;&#x000A;.FORGET&#x000D;&#x000A;FORMATCAT&#x000D;&#x000A;FORWARDREF&#x000D;&#x000A;FRACTIONALPOOL&#x000D;&#x000A;FREE&#x000D;&#x000A;FUMBLERANGE&#x000D;&#x000A;FUNDS&#x000D;&#x000A;GAMEMODE&#x000D;&#x000A;GAMEMODEKEY&#x000D;&#x000A;GENDERLOCK&#x000D;&#x000A;GENRE&#x000D;&#x000A;GEAR&#x000D;&#x000A;GENDER &#x000D;&#x000A;HAIR&#x000D;&#x000A;HANDS&#x000D;&#x000A;HASDEITY&#x000D;&#x000A;HD&#x000D;&#x000A;HEIGHTFACTOR&#x000D;&#x000A;HEIGHTPATTERN&#x000D;&#x000A;HEIGHTUNIT&#x000D;&#x000A;HELP&#x000D;&#x000A;HIDDENEQUIPTYPES&#x000D;&#x000A;HIDDENFEATTYPES&#x000D;&#x000A;HIDDENSKILLTYPES&#x000D;&#x000A;HIDETYPE&#x000D;&#x000A;HITDICEADVANCEMENT&#x000D;&#x000A;HITDIE&#x000D;&#x000A;HP&#x000D;&#x000A;HPABBREV&#x000D;&#x000A;HPFORMULA&#x000D;&#x000A;HPNAME&#x000D;&#x000A;HTDIEROLL&#x000D;&#x000A;INCLUDE&#x000D;&#x000A;INFOTEXT&#x000D;&#x000A;INITIATIVE&#x000D;&#x000A;ISDEFAULTSIZE&#x000D;&#x000A;ISOGL&#x000D;&#x000A;ISLICENSED&#x000D;&#x000A;ISMATURE&#x000D;&#x000A;ICON&#x000D;&#x000A;ICON&#x000D;&#x000A;ISMONSTER&#x000D;&#x000A;ITEM&#x000D;&#x000A;ITEMCOST&#x000D;&#x000A;ITEMCREATE&#x000D;&#x000A;ITYPE &#x000D;&#x000A;KEY&#x000D;&#x000A;KEYSTAT&#x000D;&#x000A;KIT&#x000D;&#x000A;KNOWN&#x000D;&#x000A;KNOWNSPELLS&#x000D;&#x000A;KNOWNSPELLSFROMSPECIALTY&#x000D;&#x000A;LANGAUTO&#x000D;&#x000A;LANGBONUS&#x000D;&#x000A;LANGUAGE&#x000D;&#x000A;LEGS&#x000D;&#x000A;LEVEL&#x000D;&#x000A;LEVELABILITY&#x000D;&#x000A;LEVELADJUSTMENT&#x000D;&#x000A;LEVELMSG&#x000D;&#x000A;LEVELSPERFEAT&#x000D;&#x000A;LICENSE&#x000D;&#x000A;LOAD&#x000D;&#x000A;LOADMULT&#x000D;&#x000A;LOADSTEPMULT&#x000D;&#x000A;LOCATION&#x000D;&#x000A;LOGO&#x000D;&#x000A;LOOKUP&#x000D;&#x000A;LSTEXCLUDE&#x000D;&#x000A;MASTERBONUSRACE&#x000D;&#x000A;MAXAGE&#x000D;&#x000A;MAXCOST&#x000D;&#x000A;MAXDEX&#x000D;&#x000A;MAXLEVEL&#x000D;&#x000A;MEMORIZE&#x000D;&#x000A;MENUENTRY&#x000D;&#x000A;MENUTOOLTIP&#x000D;&#x000A;METHOD&#x000D;&#x000A;MINVER&#x000D;&#x000A;MINDEVVER&#x000D;&#x000A;MINXP&#x000D;&#x000A;MISC&#x000D;&#x000A;.MOD&#x000D;&#x000A;MODIFIER&#x000D;&#x000A;MODIFYFEATCHOICE&#x000D;&#x000A;MODS&#x000D;&#x000A;MODTOSKILLS&#x000D;&#x000A;MONCCSKILL&#x000D;&#x000A;MONCSKILL&#x000D;&#x000A;MONNONSKILLHD&#x000D;&#x000A;MONSKILL&#x000D;&#x000A;MONSTERCLASS&#x000D;&#x000A;MOVE&#x000D;&#x000A;MOVEADD&#x000D;&#x000A;MOVECLONE&#x000D;&#x000A;MOVEMULT&#x000D;&#x000A;MULT&#x000D;&#x000A;NAME&#x000D;&#x000A;NAMEISPI&#x000D;&#x000A;NAMEOPT&#x000D;&#x000A;NATURALATTACKS&#x000D;&#x000A;NONPP&#x000D;&#x000A;NUMBER&#x000D;&#x000A;NUMCHOICES&#x000D;&#x000A;NUMPAGES&#x000D;&#x000A;NUMSLOTS:DEFAULT&#x000D;&#x000A;OPTION&#x000D;&#x000A;OUTPUTNAME&#x000D;&#x000A;PAGEUSAGE&#x000D;&#x000A;PANTHEON&#x000D;&#x000A;PCC&#x000D;&#x000A;PCLEVEL&#x000D;&#x000A;PLURAL&#x000D;&#x000A;PLUS&#x000D;&#x000A;PLUSCOST&#x000D;&#x000A;POINTPOOLNAME&#x000D;&#x000A;POOL&#x000D;&#x000A;POSTMOVEADD&#x000D;&#x000A;POSTRANGEADD&#x000D;&#x000A;PPCOST&#x000D;&#x000A;PREVIEWDIR&#x000D;&#x000A;PREVIEWSHEET&#x000D;&#x000A;PROF&#x000D;&#x000A;PROFICIENCY&#x000D;&#x000A;PROHIBITCOST&#x000D;&#x000A;PROHIBITED&#x000D;&#x000A;PROHIBITSPELL&#x000D;&#x000A;PUBNAMELONG&#x000D;&#x000A;PUBNAMESHORT&#x000D;&#x000A;PUBNAMEWEB&#x000D;&#x000A;QTY&#x000D;&#x000A;QUALIFY&#x000D;&#x000A;QUALITY&#x000D;&#x000A;RACE&#x000D;&#x000A;RACENAME&#x000D;&#x000A;RACESUBTYPE&#x000D;&#x000A;RACETYPE&#x000D;&#x000A;RACIAL&#x000D;&#x000A;RANGE&#x000D;&#x000A;RANGEADD&#x000D;&#x000A;RANGEMULT&#x000D;&#x000A;RANGEPENALTY&#x000D;&#x000A;RANK&#x000D;&#x000A;RANKMODFORMULA&#x000D;&#x000A;RATEOFFIRE&#x000D;&#x000A;REACH&#x000D;&#x000A;REACHMULT&#x000D;&#x000A;REGION&#x000D;&#x000A;REMOVABLE&#x000D;&#x000A;REMOVE&#x000D;&#x000A;REMOVE:FEAT&#x000D;&#x000A;REPEATLEVEL&#x000D;&#x000A;.REPLACE&#x000D;&#x000A;REPLACES&#x000D;&#x000A;REQSKILL&#x000D;&#x000A;ROLLMETHOD&#x000D;&#x000A;SAB&#x000D;&#x000A;SAVEINFO&#x000D;&#x000A;SCHOOL&#x000D;&#x000A;SELECT&#x000D;&#x000A;SERVESAS&#x000D;&#x000A;SETTING&#x000D;&#x000A;SEX&#x000D;&#x000A;SHIELDPROF&#x000D;&#x000A;SHOWCLASSDEFENSE&#x000D;&#x000A;SHOWINMENU&#x000D;&#x000A;SIZE&#x000D;&#x000A;SIZEDIFF&#x000D;&#x000A;SIZEMOD&#x000D;&#x000A;SIZEMULT&#x000D;&#x000A;SIZENAME&#x000D;&#x000A;SKILL&#x000D;&#x000A;SKILLCOST_CLASS&#x000D;&#x000A;SKILLCOST_CROSSCLASS&#x000D;&#x000A;SKILLCOST_EXCLUSIVE&#x000D;&#x000A;SKILLLIST&#x000D;&#x000A;SKILLMULT&#x000D;&#x000A;SKILLMULTIPLIER&#x000D;&#x000A;SKILLPOINTS&#x000D;&#x000A;SKILLPOOL&#x000D;&#x000A;SKILLRANK&#x000D;&#x000A;SKILLRANKTEXT&#x000D;&#x000A;SKILLTABLEHIDDENCOLUMNS&#x000D;&#x000A;SKINTONE&#x000D;&#x000A;SLOTS&#x000D;&#x000A;SORTKEY&#x000D;&#x000A;SOURCELONG&#x000D;&#x000A;SOURCESHORT&#x000D;&#x000A;SOURCEPAGE&#x000D;&#x000A;SPECIALTYKNOWN&#x000D;&#x000A;SPELL&#x000D;&#x000A;SPELLBASECONCENTRATION&#x000D;&#x000A;SPELLBASEDC&#x000D;&#x000A;SPELLBOOK&#x000D;&#x000A;SPELLCAST&#x000D;&#x000A;SPELLCASTMULT&#x000D;&#x000A;SPELLFAILURE&#x000D;&#x000A;SPELLKNOWN&#x000D;&#x000A;SPELLKNOWNMULT&#x000D;&#x000A;SPELLLEVEL&#x000D;&#x000A;SPELLLIST&#x000D;&#x000A;SPELLRANGE&#x000D;&#x000A;SPELLRES&#x000D;&#x000A;SPELLS&#x000D;&#x000A;SPELLSTAT&#x000D;&#x000A;SPELLTYPE&#x000D;&#x000A;SPROP&#x000D;&#x000A;SQUARESIZE&#x000D;&#x000A;SR&#x000D;&#x000A;STACK&#x000D;&#x000A;.STACK&#x000D;&#x000A;STARTFEATS&#x000D;&#x000A;STARTPACK&#x000D;&#x000A;STARTSKILLPTS&#x000D;&#x000A;STARTSTATMIN&#x000D;&#x000A;STAT&#x000D;&#x000A;NOTEMP&#x000D;&#x000A;NOTEMPMOD&#x000D;&#x000A;STATNAME&#x000D;&#x000A;STATMOD&#x000D;&#x000A;STATRANGE&#x000D;&#x000A;STATROLLTEXT&#x000D;&#x000A;STATTABLEHIDDENCOLUMNS&#x000D;&#x000A;STATUS&#x000D;&#x000A;SUBCLASS&#x000D;&#x000A;SUBCLASSLEVEL&#x000D;&#x000A;SUBRACE&#x000D;&#x000A;SUBREGION&#x000D;&#x000A;SUBSCHOOL&#x000D;&#x000A;SUBSTITUTIONCLASS&#x000D;&#x000A;SUBSTITUTIONLEVEL&#x000D;&#x000A;SWITCH&#x000D;&#x000A;SYMBOL&#x000D;&#x000A;TAB&#x000D;&#x000A;TABLE&#x000D;&#x000A;TARGETAREA&#x000D;&#x000A;TEMPDESC&#x000D;&#x000A;TEMPLATE&#x000D;&#x000A;ADDCHOICE&#x000D;&#x000A;TITLE&#x000D;&#x000A;TOHIT&#x000D;&#x000A;TOHIT-PRIMARY&#x000D;&#x000A;TOHIT-SECONDARY&#x000D;&#x000A;TOHIT-SHORTRANGE&#x000D;&#x000A;TOTALWT&#x000D;&#x000A;TYPE&#x000D;&#x000A;UDAM&#x000D;&#x000A;UMULT&#x000D;&#x000A;UNENCUMBEREDMOVE&#x000D;&#x000A;USEMASTERSKILL&#x000D;&#x000A;UNITSET&#x000D;&#x000A;UP&#x000D;&#x000A;URL&#x000D;&#x000A;USEUNTRAINED&#x000D;&#x000A;VALUES&#x000D;&#x000A;VAR&#x000D;&#x000A;VARIANTS&#x000D;&#x000A;VFEAT&#x000D;&#x000A;VISIBLE&#x000D;&#x000A;VISION&#x000D;&#x000A;WEAPON&#x000D;&#x000A;WEAPONBONUS&#x000D;&#x000A;WEAPONCATEGORY&#x000D;&#x000A;WEAPONPROF&#x000D;&#x000A;WEAPONNONPROFPENALTY&#x000D;&#x000A;WEAPONREACH&#x000D;&#x000A;WEAPONTYPE&#x000D;&#x000A;WEIGHTFACTOR&#x000D;&#x000A;WEIGHTPATTERN&#x000D;&#x000A;WEIGHTUNIT&#x000D;&#x000A;WIELD&#x000D;&#x000A;WIELDCATEGORY&#x000D;&#x000A;WORSHIPPERS&#x000D;&#x000A;WT&#x000D;&#x000A;WTDIEROLL&#x000D;&#x000A;XPCOST&#x000D;&#x000A;XPPENALTY&#x000D;&#x000A;XTRAFEATS&#x000D;&#x000A;XTRASKILLPTSPERLVL&#x000D;&#x000A;SOURCEWEB&#x000D;&#x000A;SOURCEDATE&#x000D;&#x000A;AUTOMATIC&#x000D;&#x000A;NORMAL&#x000D;&#x000A;VIRTUAL&#x000D;&#x000A;ABILITYPOOL&#x000D;&#x000A;ANY</Keywords>
            <Keywords name="Keywords2">BONUS_ACFLAT&#x000D;&#x000A;BONUS_ACTOUCH&#x000D;&#x000A;ISD20&#x000D;&#x000A;MODIFYABILITYCHOICE&#x000D;&#x000A;SECONDARYATTACKS&#x000D;&#x000A;SECONDARYDAMAGE&#x000D;&#x000A;SHOWTAB</Keywords>
            <Keywords name="Keywords3">PRE</Keywords>
            <Keywords name="Keywords4">STR&#x000D;&#x000A;DEX&#x000D;&#x000A;CON&#x000D;&#x000A;INT&#x000D;&#x000A;WIS&#x000D;&#x000A;CHA&#x000D;&#x000A;TL&#x000D;&#x000A;CL&#x000D;&#x000A;classlevel&#x000D;&#x000A;max&#x000D;&#x000A;min&#x000D;&#x000A;floor&#x000D;&#x000A;skillinfo&#x000D;&#x000A;MIN&#x000D;&#x000A;MAX</Keywords>
            <Keywords name="Keywords5"></Keywords>
            <Keywords name="Keywords6"></Keywords>
            <Keywords name="Keywords7"></Keywords>
            <Keywords name="Keywords8"></Keywords>
            <Keywords name="Delimiters">00&quot; 01 02&quot; 03 04 05 06 07 08 09 10 11 12 13 14 15 16 17 18 19 20 21 22 23</Keywords>
        </KeywordLists>
        <Styles>
            <WordsStyle name="DEFAULT" fgColor="000000" bgColor="FFFFFF" fontName="" fontStyle="0" fontSize="" nesting="0" />
            <WordsStyle name="COMMENTS" fgColor="000000" bgColor="FFFFFF" fontName="" fontStyle="0" fontSize="" nesting="0" />
            <WordsStyle name="LINE COMMENTS" fgColor="808080" bgColor="FFFFFF" fontName="" fontStyle="2" fontSize="" nesting="0" />
            <WordsStyle name="NUMBERS" fgColor="000000" bgColor="FFFFFF" fontName="" fontStyle="0" fontSize="" nesting="0" />
            <WordsStyle name="KEYWORDS1" fgColor="0000FF" bgColor="FFFFFF" fontName="" fontStyle="0" fontSize="" nesting="0" />
            <WordsStyle name="KEYWORDS2" fgColor="FF0000" bgColor="FFFFFF" fontName="" fontStyle="0" fontSize="" nesting="0" />
            <WordsStyle name="KEYWORDS3" fgColor="26AC3E" bgColor="FFFFFF" fontName="" fontStyle="0" fontSize="" nesting="0" />
            <WordsStyle name="KEYWORDS4" fgColor="FF00FF" bgColor="FFFFFF" fontName="" fontStyle="0" fontSize="" nesting="0" />
            <WordsStyle name="KEYWORDS5" fgColor="000000" bgColor="FFFFFF" fontName="" fontStyle="0" nesting="0" />
            <WordsStyle name="KEYWORDS6" fgColor="000000" bgColor="FFFFFF" fontName="" fontStyle="0" nesting="0" />
            <WordsStyle name="KEYWORDS7" fgColor="000000" bgColor="FFFFFF" fontName="" fontStyle="0" nesting="0" />
            <WordsStyle name="KEYWORDS8" fgColor="000000" bgColor="FFFFFF" fontName="" fontStyle="0" nesting="0" />
            <WordsStyle name="OPERATORS" fgColor="000000" bgColor="FFFFFF" fontName="" fontStyle="0" fontSize="" nesting="0" />
            <WordsStyle name="FOLDER IN CODE1" fgColor="000000" bgColor="FFFFFF" fontName="" fontStyle="0" fontSize="" nesting="0" />
            <WordsStyle name="FOLDER IN CODE2" fgColor="000000" bgColor="FFFFFF" fontName="" fontStyle="0" nesting="0" />
            <WordsStyle name="FOLDER IN COMMENT" fgColor="000000" bgColor="FFFFFF" fontName="" fontStyle="0" nesting="0" />
            <WordsStyle name="DELIMITERS1" fgColor="FF8080" bgColor="FFFFFF" fontName="" fontStyle="0" nesting="0" />
            <WordsStyle name="DELIMITERS2" fgColor="000000" bgColor="FFFFFF" fontName="" fontStyle="0" nesting="0" />
            <WordsStyle name="DELIMITERS3" fgColor="000000" bgColor="FFFFFF" fontName="" fontStyle="0" nesting="0" />
            <WordsStyle name="DELIMITERS4" fgColor="000000" bgColor="FFFFFF" fontName="" fontStyle="0" nesting="0" />
            <WordsStyle name="DELIMITERS5" fgColor="000000" bgColor="FFFFFF" fontName="" fontStyle="0" nesting="0" />
            <WordsStyle name="DELIMITERS6" fgColor="000000" bgColor="FFFFFF" fontName="" fontStyle="0" nesting="0" />
            <WordsStyle name="DELIMITERS7" fgColor="000000" bgColor="FFFFFF" fontName="" fontStyle="0" nesting="0" />
            <WordsStyle name="DELIMITERS8" fgColor="000000" bgColor="FFFFFF" fontName="" fontStyle="0" nesting="0" />
        </Styles>
    </UserLang>
</NotepadPlus>
