<NotepadPlus>
    <UserLang name="PCGen" ext="LST">
        <Settings>
            <Global caseIgnored="no" />
            <TreatAsSymbol comment="no" commentLine="yes" />
            <Prefix words1="no" words2="no" words3="no" words4="no" />
        </Settings>
        <KeywordLists>
            <Keywords name="Delimiters">000000</Keywords>
            <Keywords name="Folder+"></Keywords>
            <Keywords name="Folder-"></Keywords>
            <Keywords name="Operators">- ! &quot; % ( ) * , . / : [ ] | + =</Keywords>
            <Keywords name="Comment">1 2 0#</Keywords>
            <Keywords name="Words1">KEY NAMEOPT TYPE COST VISIBLE SOURCEPAGE PRETYPE EQMODTYPE ITYPE REPLACES BONUS SPROP DEFINE PREMULT CONTAINS OUTPUTNAME MODS REQUIRED FAVCLASS STARTFEATS HIGHESTLEVELCLASS XTRASKILLPTSPERLVL QUALIFY MWORKW MWORKA ARMORTYPE PLUSTOTAL PREWIELD CHOOSE STRING NORMAL VAR TrapCR EQUIPBUY RACE NAME ALIGN FEAT FOLLOWER MASTERBONUSRACE PREHANDSGTEQ AUTO MAXLEVEL NOLIMIT CLASS CATEGORY GRAPPLE ASPECT YES MULT NO RSRD SOURCESHORT SOURCEWEB SOURCELONG ARMOR GEAR LOCATION STARTPACK SPELLNAME CASTER TEMPLATE NUMCHOICES USERINPUT PREFEAT COMPANIONLIST FOLLOWERADJUSTMENT SOURCEDATE</Keywords>
            <Keywords name="Words2">DOMAINS CLASSES SCHOOL COMPS CASTTIME RANGE TARGETAREA DURATION SAVEINFO SPELLRES DESC XPCOST ASSIGNTOALL SIZE MOVE FACE REACH VISION LANGAUTO LANGBONUS CHANGEPROF DC SKILL STAT WEAPONPROF HANDS ABILITY AUTOMATIC RACETYPE RACESUBTYPE SPELLS TIMES CASTERLEVEL PREAPPLY STACK TEMPDESC PREVARGTEQ MOVEADD TYPE EQMARMOR SPELLFAILURE REPLACE TITLE PLUS CHARGES CASTERLEVEL SPELLCOST EQBUILDER SPELL EQMWEAPON RANGEADD CRITMULT CHECKS COMBAT CHOICE NUMBER PRERACE RANK CSKILL DESCRIPTOR PRERULE SYS_DOMAIN SPELLLEVEL DOMAIN VFEAT PREVARGT PREVARLT STARTSKILLPTS MODTOSKILLS PRECLASS PREVAREQ BASE CL CURRENTMAX HP PRESIZELT PCSIZE LEVEL POSTMOVEADD BASESPELLSTAT PROFICIENCY ACCHECK EQMOD WT WIELD AC NPC SPELLBOOK LEVELADJUSTMENT MONCSKILL NATURALATTACKS MONSTERCLASS HITDICEADVANCEMENT ANYPC SKILLSNAMED SPELLTYPE PRELEVELMAX PREREGION PRETEMPLATE SEX SAB UNLIM</Keywords>
            <Keywords name="Words3">STR DEX CON INT WIS CHA MAXDEX PLUS MAX MIN Will Reflex Fortitude WILL REFLEX FORTITUDE WIL REF WIL Wil Ref For LG LN NG TN CG CN N LE CN CE BASEAGE MAXAGE AGEDIEROLL EYES SKINTONE VEHICLESPEED VEHICLEDEFENSE VEHICLEHANDLING VEHICLEWOUNDPOINTS VEHICLEHARDNESS</Keywords>
            <Keywords name="Words4">WEAPON DAMAGE TOHIT HEADPLUSTOTAL ITEMCOST KIT TL STEEL V S DF</Keywords>
        </KeywordLists>
        <Styles>
            <WordsStyle name="DEFAULT" styleID="11" fgColor="000000" bgColor="FFFFFF" fontName="" fontStyle="0" />
            <WordsStyle name="FOLDEROPEN" styleID="12" fgColor="000000" bgColor="FFFFFF" fontName="" fontStyle="0" />
            <WordsStyle name="FOLDERCLOSE" styleID="13" fgColor="000000" bgColor="FFFFFF" fontName="" fontStyle="0" />
            <WordsStyle name="KEYWORD1" styleID="5" fgColor="0000FF" bgColor="FFFFFF" fontName="" fontStyle="1" />
            <WordsStyle name="KEYWORD2" styleID="6" fgColor="008000" bgColor="FFFFFF" fontName="" fontStyle="1" />
            <WordsStyle name="KEYWORD3" styleID="7" fgColor="FF0000" bgColor="FFFFFF" fontName="" fontStyle="1" />
            <WordsStyle name="KEYWORD4" styleID="8" fgColor="808000" bgColor="FFFFFF" fontName="" fontStyle="1" />
            <WordsStyle name="COMMENT" styleID="1" fgColor="000000" bgColor="FFFFFF" fontName="" fontStyle="0" />
            <WordsStyle name="COMMENT LINE" styleID="2" fgColor="808080" bgColor="FFFFFF" fontName="Arial" fontStyle="0" fontSize="10" />
            <WordsStyle name="NUMBER" styleID="4" fgColor="000000" bgColor="FFFFFF" fontName="" fontStyle="0" />
            <WordsStyle name="OPERATOR" styleID="10" fgColor="800000" bgColor="FFFFFF" fontName="" fontStyle="3" />
            <WordsStyle name="DELIMINER1" styleID="14" fgColor="808040" bgColor="FFFFFF" fontName="" fontStyle="0" />
            <WordsStyle name="DELIMINER2" styleID="15" fgColor="0080C0" bgColor="FFFFFF" fontName="" fontStyle="0" />
            <WordsStyle name="DELIMINER3" styleID="16" fgColor="000000" bgColor="FFFFFF" fontName="" fontStyle="0" />
        </Styles>
    </UserLang>
</NotepadPlus>
